{
    "accuracy": 0.9968675956788884,
    "classification_report": {
        "0": {
            "precision": 0.9985206492705979,
            "recall": 0.9982745162483053,
            "f1-score": 0.9983975675897774,
            "support": 24341.0
        },
        "1": {
            "precision": 0.9257950530035336,
            "recall": 0.9357142857142857,
            "f1-score": 0.930728241563055,
            "support": 560.0
        },
        "accuracy": 0.9968675956788884,
        "macro avg": {
            "precision": 0.9621578511370658,
            "recall": 0.9669944009812955,
            "f1-score": 0.9645629045764161,
            "support": 24901.0
        },
        "weighted avg": {
            "precision": 0.9968851192151963,
            "recall": 0.9968675956788884,
            "f1-score": 0.9968757482823213,
            "support": 24901.0
        }
    }
}