{
    "mean_squared_error": 0.001735180602747705,
    "r2_score": 0.8977115335397792
}