{
    "accuracy": 0.7277217782418377,
    "classification_report": {
        "1": {
            "precision": 0.7096774193548387,
            "recall": 0.5164319248826291,
            "f1-score": 0.5978260869565217,
            "support": 1065.0
        },
        "2": {
            "precision": 0.844559585492228,
            "recall": 0.6749482401656315,
            "f1-score": 0.7502876869965478,
            "support": 483.0
        },
        "10": {
            "precision": 0.7744318181818182,
            "recall": 0.708051948051948,
            "f1-score": 0.7397557666214383,
            "support": 1925.0
        },
        "17": {
            "precision": 0.8438095238095238,
            "recall": 0.8036281179138322,
            "f1-score": 0.8232288037166087,
            "support": 2205.0
        },
        "20": {
            "precision": 0.8058823529411765,
            "recall": 0.6171171171171171,
            "f1-score": 0.6989795918367347,
            "support": 888.0
        },
        "22": {
            "precision": 0.5521766298687774,
            "recall": 0.6486420357230243,
            "f1-score": 0.5965346534653465,
            "support": 4087.0
        },
        "23": {
            "precision": 0.807909604519774,
            "recall": 0.680952380952381,
            "f1-score": 0.7390180878552972,
            "support": 1470.0
        },
        "24": {
            "precision": 0.723801593909837,
            "recall": 0.8036185948230322,
            "f1-score": 0.7616246323299332,
            "support": 7572.0
        },
        "25": {
            "precision": 0.7733333333333333,
            "recall": 0.7415101877746704,
            "f1-score": 0.7570874974505405,
            "support": 2503.0
        },
        "26": {
            "precision": 0.8365785813630042,
            "recall": 0.78371335504886,
            "f1-score": 0.8092835519677095,
            "support": 1535.0
        },
        "27": {
            "precision": 0.8555304740406321,
            "recall": 0.6545768566493955,
            "f1-score": 0.7416829745596869,
            "support": 579.0
        },
        "28": {
            "precision": 0.8199152542372882,
            "recall": 0.6570458404074703,
            "f1-score": 0.7295004712535343,
            "support": 589.0
        },
        "accuracy": 0.7277217782418377,
        "macro avg": {
            "precision": 0.7789671809210194,
            "recall": 0.690853049959166,
            "f1-score": 0.7287341504174916,
            "support": 24901.0
        },
        "weighted avg": {
            "precision": 0.7370714376836792,
            "recall": 0.7277217782418377,
            "f1-score": 0.7287571940086897,
            "support": 24901.0
        }
    }
}