{
    "mean_squared_error": 0.00423025857866339,
    "r2_score": 0.9234986229123936
}